Closing or Layoff,Initial Report Date,Planned Starting Date,Company,City,Planned # Affected Employees
Layoff *,4/22/2020,4/22/2020,GESTAMP,McCalla,76
Closing *,4/22/2020,4/22/2020,STAR AVIATION,Mobile,82
Layoff *,4/17/2020,4/17/2020,STANDARD FURNITURE,,95
Closing *,4/17/2020,6/15/2020,MONARCH WINDOWS & DOORS,Anniston,64
Layoff *,4/14/2020,3/20/2020,"HOOTERS OF AMERICA, LLC",,90
Closing *,4/14/2020,6/6/2020,CARBO CERMAICS INC,Eufaula,56
Closing *,2/14/2020,4/12/2020,RCX LOGISTICS,Theodore,66
Layoff *,2/6/2020,4/6/2020,WAITR AND BITE SQUAD,State-Wide,491
Closing *,1/31/2020,3/20/2020,FAURECIA,Tuscaloosa,166
Closing *,1/24/2020,3/31/2020,"FIS MANAGEMENT SERVICES, LLC",Northport,102
Closing *,1/10/2020,3/8/2020,WHOLE FOODS,Hoover,68
Closing *,10/31/2019,12/29/2019,FRONTIER SPINNING MILLS,Wetumpka,148
Closing *,10/18/2019,12/31/2019,KARDOES RUBBER,LaFayette,86
Layoff *,9/27/2019,12/31/2019,AMERIS BANK,Dothan,50
Closing *,9/17/2019,11/14/2019,FLOWERS BAKING CO.,Opelika,146
Closing *,8/5/2019,10/1/2019,INFORM DIAGNOSTICS,Daphne,72
Closing *,7/26/2019,9/23/2019,"THRYV, INC",Birmingham,111
Layoff *,7/26/2019,9/27/2019,BERRY GLOBAL,Montgomery,60
Closing *,6/6/2019,8/4/2019,GEORGIA PACIFIC,Monroeville,95
Closing *,5/16/2019,7/5/2019,JOYSON SAFETY SYSTEMS,Greenville,98
Closing *,4/17/2019,6/20/2019,HANTAL ALABAMA COMPANY,Montgomery,58
Layoff *,4/3/2019,6/5/2019,INTEVA PRODUCTS,Cottondale,56
Layoff *,4/3/2019,6/7/2019,EBERSPACHER,Northport,127
Layoff *,4/1/2019,5/31/2019,FAURECIA SEATING,Cottondale,118
Layoff *,3/29/2019,5/31/2019,STRYKER SUSTAINABILITY SOLUTIONS,Birmingham,181
Closing *,3/29/2019,3/27/2019,"JESSE CREEK MINING, LLC",Alabaster,152
Layoff *,1/31/2019,3/31/2019,STANDARD FURNITURE,Bay Minette,182
Closing *,1/9/2019,3/6/2019,WESTERN MARKET,Birmingham,107
Closing *,10/30/2018,12/31/2018,GLOBE METALLURGICAL,Selma,84
Closing *,10/17/2018,11/16/2018,JELD WEN WINDOWS AND DOORS,Ozark,80
Closing *,10/3/2018,12/3/2018,BORGERS USA,Vance,271
Closing *,9/28/2018,11/26/2018,REMBRANDT FOODS,Abbeville,55
Closing *,9/17/2018,9/14/2018,AC INCORPORATED,Lincoln,58
Layoff *,8/13/2018,8/24/2018,CHARTER COMMUNICATIONS,Birmingham,89
Layoff *,8/9/2018,9/28/2018,VALLEY SERVICES INC,Statewide,169
Closing *,7/18/2018,7/28/2018,VERIZON WIRELESS,Huntsville,151
Layoff *,7/16/2018,9/14/2018,STANDARD TEXTILE CO.,Enterprise,70
Layoff *,7/16/2018,9/7/2018,FEDERAL MOGUL,Jacksonville,47
Closing *,6/12/2018,6/12/2018,MASTERBRAND CABINETS,Auburn,445
Closing *,5/18/2018,7/17/2018,RMC - JACKSONVILLE,Jacksonville,207
Closing *,5/1/2018,6/30/2018,REXAM BEVERAGE CAN COMPANY,Birmingham,73
Closing *,4/16/2018,6/15/2018,KASAI NORTH AMERICA,Prattville,92
Layoff *,4/12/2018,6/15/2018,"NUTCRACKER BRANDS, INC",Dothan,66
Layoff *,4/12/2018,4/26/2018,VECTOR AEROSPACE,Andalusia,56
Closing *,3/19/2018,6/1/2018,"C&S WHOLESALE SERVICES, INC.",Montgomery,195
Layoff *,3/2/2018,4/14/2018,FEDERAL MOGUL,Jacksonville,65
Closing *,3/2/2018,4/29/2018,BAE SYSTEMS,Mobile,80
Closing *,2/28/2018,4/30/2018,"VOGUE INTERNATIONAL, LLC",Phenix City,150
Closing *,2/5/2018,7/1/2020,CORIZON HEALTH,State Wide,648
Closing *,2/1/2018,3/27/2018,ASM RESEARCH,Tuscaloosa,57
Closing *,2/1/2018,3/31/2018,"MHM SERVICES, INC",Vienna,276
Closing *,1/22/2018,3/31/2018,LIBERTY NATIONAL,Hoover,68
Closing *,1/22/2018,3/16/2018,SAMS CLUB #8212,Irondale,136
Layoff *,1/9/2018,1/22/2018,RUSSELL BRANDS (FRUIT OF THE LOOM),Alexander City,75
Closing *,1/9/2018,3/19/2018,"KADANT BLACK CLAWSON, LLC",Theodore,51
Layoff *,1/10/2017,3/17/2017,"BEAULIEU GROUP, LLC. - BRIDGEPORT FIBERS",Bridgeport,332
Closing *,11/27/2017,11/13/2017,AG MANUFACTURING,Wetumpka,104
Closing *,11/17/2017,12/31/2017,LAKELAND COMMUNITY HOSPITAL,Haleyville,87
Layoff *,11/16/2017,1/26/2018,"CAHABA GOVERMENT BENEFIT ADMINISTRATORS, LLC",Birmingham,264
Closing *,11/16/2017,1/12/2018,ANVIL INTERNATIONAL,Anniston,44
Layoff *,9/28/2017,12/15/2017,FEDERAL-MOGUL,Jacksonville,56
Layoff *,8/1/2017,11/17/2017,JABIL ALABAMA,Dothan,96
Closing *,7/24/2017,8/1/2017,PAR PHARMACEUTICALS,Huntsville,832
Layoff *,6/27/2017,8/25/2017,SIKORSKY,Troy,158
Layoff *,4/18/2017,6/19/2017,AT&T,Birmingham,134
Layoff *,4/7/2017,6/30/2017,DOLLAR EXPRESS,Montgomery,9
Closing *,12/6/2016,2/3/2017,JC PENNEY - MADISON SQUARE MALL,Huntsville,128
Layoff *,11/9/2016,3/25/2017,VERIZON WIRELESS,Huntsville,175
Layoff *,8/4/2016,9/29/2016,NEMAK USA,Sylacauga,206
Layoff *,7/18/2016,9/30/2016,"ANADARKO INDUSTRIES, LLC.",Huntsville,14
Layoff *,5/23/2016,7/25/2016,SITEL OPERATING CORPORATION,Andalusia,308
Closing *,5/17/2016,7/16/2016,"SHAW INDUSTRIES GROUP, INC.",Valley Head,183
Layoff *,5/6/2016,5/31/2016,"SODEXO, INC.",Florence,105
Closing *,5/16/2016,7/15/2016,CVG - COMERCIAL VEHICLE GROUP,Piedmont,156
Closing *,4/5/2016,6/17/2016,HARCO INC DISTRIBUTION CENTER (RITE AID),Tuscaloosa,270
Closing *,1/5/2016,1/5/2016,"JESSE CREEK MINING, LLC",Alabaster,170
Closing *,1/15/2016,2/10/2016,SOUTHEASTERN GROCERS,,63
Layoff *,8/19/2016,10/19/2016,BAE SYSTEMS,Mobile,200
Layoff *,6/27/2016,7/29/2016,"TALASCEND SL, LLC.",Mobile,150
Closing *,11/14/2016,1/22/2017,ADVANCE CENTRAL SERVICES - SOUTHEAST,Birmingham,89
Layoff *,6/2/2016,8/1/2016,AMSTED RAIL CO.,Bessemer,155
Layoff *,6/10/2016,8/5/2016,INFINITY INSURANCE COMPANY,Birmingham,96
Closing *,5/6/2016,7/5/2016,GREDE CASTING INTEGRITY,Bessemer,177
Closing *,3/4/2016,2/28/2016,ATHEROTECH DIAGNOSTIC LAB,Homewood,300
Closing *,1/19/2016,4/15/2016,WALMART - STORE #763,Fairfield,264
Closing *,8/5/2015,10/10/2015,NORTH AMERICAN COAL CORPORATION,Jasper,118
Layoff *,7/31/2015,9/30/2015,WALTER ENERGY/JIM WALTER RESOURCES - MINE #4,Brookwood,545
Closing *,7/28/2015,9/25/2015,"CROWN, COLUMN & MILLWORK COMPANY, LLC.",Attalla,90
Layoff *,6/8/2015,8/2/2015,"SHAW INDUSTRIES GROUP, INC. (PLANT 14)",Valley Head,160
Closing *,3/23/2015,4/20/2015,"T W FITTING N.A., LLC",Vance,58
Layoff *,3/13/2015,3/13/2015,"WALTER ENERGY, INC./JIM WALTER RESOURCES-MINE #7",Brookwood,196
Closing *,2/4/2015,3/13/2015,EARTHLINK,Arab,42
Layoff *,1/23/2015,3/20/2015,JMC STEEL GROUP - ENERGEX,Thomasville,260
Closing *,1/19/2015,3/23/2015,KENNAMETAL,Grant,93
Layoff *,1/14/2015,3/31/2015,EARTHLINK,Anniston,68
Closing *,1/7/2015,3/7/2015,CINRAM GROUP (FORMERLY JVC),Tuscaloosa,100
Closing *,11/6/2015,2/1/2016,GLOBE METALLURGICAL,Selma,90
Layoff *,12/7/2015,1/31/2016,DYNETICS TECHNICAL SERVICES,Marshall Center,339
Layoff *,12/7/2015,2/21/2016,FRAS-LE NORTH AMERICA,Prattville,50
Closing *,12/7/2015,12/16/2015,AAR AEROSTRUCTURES & INTERIORS,Huntsville,72
Layoff *,10/18/2015,12/18/2015,FAURECIA INTERIOR SYSTEMS - TUSCALOOSA PLANT,Tuscaloosa,138
Closing *,10/13/2015,10/7/2015,LISTERHILL TMC,Muscle Shoals,134
Layoff *,12/29/2015,2/27/2016,ABM HEALTHCARE SUPPORT SERVICES,,90
Closing *,1/29/2015,3/31/2015,NCO FINANCIAL SYSTEMS,Mobile,57
Closing *,7/24/2015,9/27/2015,SEARS HOLDINGS CORPORATION,Mobile,86
Closing *,2/2/2015,3/31/2015,"TRANSWORLD SYSTEMS, INC. (TSI)",Mobile,57
Closing *,12/14/2015,1/2/2016,O'NEAL STEEL MANUFACTURING SERVICES,Birmingham,180
Layoff *,12/9/2015,12/28/2015,REXAM,Birmingham,13
Closing *,12/7/2015,12/7/2015,GOLDEN LIVINGCENTER - TRUSSVILLE,Trussville,119
Layoff *,10/29/2015,10/28/2015,CLIFFS NATURAL RESOURCES INC. - OAK GROVE RESOURC,Hueytown,221
Layoff *,6/23/2015,10/1/2015,GREEN TREE SERVICING LLC,Birmingham,31
Layoff *,3/30/2015,4/29/2015,"CAHABA GOVERNMENT BENEFIT ADMINISTRATORS, LLC.",Birmingham,131
Layoff *,3/13/2015,5/15/2015,FLEX N GATE,McCalla,97
Layoff *,2/3/2015,4/3/2015,"FAIRFIELD SOUTHERN COMPANY, INC.",Fairfield,85
Layoff *,1/28/2015,3/29/2015,U. S. STEEL,Fairfield,1923
Layoff *,12/8/2014,12/16/2014,HEXPOL - ROBBINS LLC.,Muscle Shoals,61
Closing *,12/8/2014,12/10/2014,"JOHNSTON TEXTILES, INC.",Phenix City,140
Layoff *,11/4/2014,11/30/2014,KBR (CONTRACTOR AT BP CHEMICAL PLANT),Decatur,131
Closing *,10/14/2014,12/19/2014,ALERIS - NICHOLS ALUMINUM ALABAMA LLC,Decatur,100
Closing *,7/31/2014,10/1/2014,IZZY+,Florence,204
Layoff *,5/20/2014,5/16/2014,HEWLETT-PACKARD COMPANY,Montgomery,99
Closing *,5/14/2014,8/18/2014,THE HON COMPANY,Florence,188
Closing *,4/8/2014,6/6/2014,HILLSHIRE BRANDS,Florence,1100
Layoff *,4/2/2014,6/8/2014,"WAYNE FARMS, LLC",Dothan,560
Layoff *,3/17/2014,5/4/2014,"TYONEK SERVICES GROUP, INC.",Madison,161
Layoff *,3/5/2014,6/26/2014,"NAVISTAR DIESEL OF AL, LLC",Huntsville,220
Layoff *,4/17/2014,6/24/2014,BBVA COMPASS,Birmingham,90
Closing *,9/3/2014,10/31/2014,MACLEAN POWER SYSTEMS,Birmingham,75
Layoff *,8/13/2014,10/15/2014,LABCORP,Birmingham,57
Closing *,8/4/2014,9/30/2014,HARSCO METALS & MINERALS,Birmingham,51
Closing *,5/28/2014,8/1/2014,ATHENAHEALTH,Birmingham,63
Closing *,11/26/2013,1/24/2014,PILGRIM'S PRIDE,Boaz,1154
Layoff *,11/4/2013,11/30/2013,KBR,Selma,73
Layoff *,10/22/2013,12/6/2013,ALABAMA PAIN CENTER,Huntsville,80
Closing *,10/1/2013,12/18/2013,JC'S 5 STAR OUTLET,Decatur,41
Closing *,9/17/2013,11/11/2013,"TWIN PINES, LLC",Jasper,60
Closing *,9/11/2013,12/4/2013,INTERNATIONAL PAPER-COURTLAND MILL,Courtland,1100
Closing *,8/20/2013,10/6/2013,BELLE FOODS-STORE 84 (TUSCALOOSA),Tuscaloosa,50
Closing *,6/14/2013,10/1/2013,COOPER LIGHTING,Eufaula,285
Closing *,7/31/2013,9/29/2013,PREFERRED HEALTH HOLDINGS (@RIDGEWOOD HEALTH CARE),Jasper,141
Closing *,7/22/2013,10/4/2013,BENTELER AUTOMOTIVE,Opelika,115
Layoff *,7/9/2013,9/9/2013,"DRUMMOND CO., INC. SHOAL CREEK MINE",Oakman,425
Closing *,6/19/2013,7/22/2013,SODEXO (CAMPUS OF OAKWOOD UNIVERSITY),Huntsville,75
Closing *,6/17/2013,7/11/2013,BECHTEL POWER CORPORATION,Hollywood,83
Closing *,6/4/2013,7/29/2013,"RUSSELL BRANDS, INC., COOSA RIVER DISTRIBUTION",Wetumpka,191
Closing *,5/17/2013,7/12/2013,"TUSCALOOSA RESOURCES INC., SWANN'S CROSSING MINE",Brookwood,67
Closing *,5/9/2013,7/8/2013,STANDARD FURNITURE,Frisco City,157
Closing *,5/1/2013,4/30/2013,AMERICAN APPAREL-ONEONTA,Oneonta,200
Layoff *,4/29/2013,5/15/2013,SODEXO (CAMPUS OF UNIV. OF MONTEVALLO),Montevallo,51
Layoff *,4/5/2013,6/21/2013,SITEL,Andalusia,144
Closing *,4/2/2013,3/15/2013,AMERICAN APPAREL-OPP,Opp,200
Closing *,3/15/2013,3/15/2013,NORTH RIVER MINE (JIM WALTER RESOURCES),Brookwood,176
Closing *,3/11/2013,5/7/2013,"SHILOH INDUSTRIES, ANNISTON MFG. PLANT",Anniston,68
Layoff *,3/1/2013,5/3/2013,VANTAGE SOURCING INC.,Taylor,215
Closing *,2/26/2013,2/19/2013,"KC ECONOMIC DEVELOPMENT, LLC",Shorter,207
Closing *,1/30/2013,4/2/2013,EATON CORP,Decatur,63
Closing *,1/15/2013,3/10/2015,KMART CORPORATION,Anniston,52
Closing *,1/7/2013,3/5/2013,"RUSSELL BRANDS, LLC-DECORATION OPERATIONS",Alexander City,390
Closing *,1/3/2013,3/2/2013,"GREDE CASTINGS, LLC., INC.",Marion,105
Closing *,8/20/2013,10/6/2013,BELLE FOODS-STORE 310 (MOBILE),Mobile,59
Layoff *,4/16/2013,6/11/2013,MILLARD REFRIGERATED SERVICES,Theodore,100
Layoff *,4/8/2013,5/31/2013,WEST ASSET MANAGEMENT,Mobile,140
Closing *,11/5/2013,12/20/2013,STEELSCAPE,Fairfield,62
Layoff *,9/17/2013,11/11/2013,"ROCK MOUNTAIN MINING, LLC",Birmingham,53
Layoff *,8/23/2013,10/20/2013,WELLS FARGO,Homewood,841
Closing *,8/20/2013,10/6/2013,BELLE FOODS-STORE 51 (HOOVER),Hoover,60
Closing *,7/1/2013,8/28/2013,BIRMINGHAM LOGISTICS (BELLE FOODS),Birmingham,203
Layoff *,6/28/2013,7/7/2013,BIRMINGHAM LOGISTICS (ROUSE'S ENTERPRISES),Birmingham,182
Closing *,3/21/2013,5/19/2013,"FAIRFIELD NURSING AND REHABILITATION CENTER, LLC",Fairfield,201
Layoff *,3/15/2013,5/15/2013,AT&T ALABAMA,Birmingham,67
Layoff *,1/7/2013,3/6/2013,ATHENAHEALTH,Birmingham,36
Layoff *,11/8/2012,1/6/2013,GENERAL DYNAMICS-LAND SYSTEMS,Anniston,252
Closing *,11/5/2012,11/6/2012,HEARTLAND CATFISH,Greensboro,150
Layoff *,11/1/2012,12/31/2012,"DRS TEST & ENERGY MANAGEMENT, LLC",Huntsville,84
Closing *,11/1/2012,12/31/2012,CMI DOOR DIVISION/JELD-WEN,Ozark,70
Layoff *,9/25/2012,10/8/2012,AMERICAN APPAREL INC.,Selma,250
Closing *,8/31/2012,10/27/2012,AMERICAN POWER SOURCE,Fayette,119
Closing *,7/10/2012,9/7/2012,"BIG SPRINGS, INC.",Huntsville,87
Layoff *,6/20/2012,8/17/2012,THE HUNTSVILLE TIMES,Huntsville,103
Layoff *,6/11/2012,7/31/2012,SCIENCE APPLICATIONS INTERNATIONAL CORP. (SAIC),Anniston,134
Closing *,5/30/2012,6/4/2012,"RG STEEL, LLC",Fort Payne,15
Layoff *,5/25/2012,6/30/2012,G4S GOVERNMENT SOLUTIONS INC.,Anniston,57
Closing *,4/24/2012,6/25/2012,AAR MOBILITY SYSTEMS (FORMERLY SUMMA TECHNOLOGY),Cullman,181
Closing *,4/23/2012,6/29/2012,JOHNSON CONTROLS,Cottondale,103
Closing *,4/16/2012,4/18/2012,CONNEXION TECHNOLOGIES,Gulf Shores,38
Closing *,3/21/2012,5/21/2012,"EARTHGRAINS BAKING CO., DOTHAN",Dothan,124
Layoff *,2/22/2012,4/20/2012,MBM FOODSERVICE,Montgomery,78
Closing *,1/20/2012,3/1/2012,LEGGETT & PLATT INC. (AKA GARCY CORP.),Piedmont,117
Closing *,12/14/2012,3/1/2013,SODEXO,Tuskegee,124
Layoff *,1/10/2012,2/1/2012,ANNISTON ARMY DEPOT,Anniston,975
Layoff *,1/9/2012,3/9/2012,AMERICAN APPAREL,Fort Deposit,181
Closing *,1/10/2012,2/1/2012,HARTSELLE MEDICAL CENTER,Hartselle,184
Closing *,1/6/2012,1/13/2012,SYNCREON,Vance,312
Layoff *,6/20/2012,8/17/2012,MOBILE PRESS REGISTER,Mobile,181
Closing *,5/7/2012,7/6/2012,"HOSTESS BRANDS, INC.",Chickasaw,18
Layoff *,3/23/2012,5/21/2012,"EARTHGRAINS BAKERY CO., MOBILE",Mobile,115
Closing *,5/7/2012,7/6/2012,"HOSTESS BRANDS, INC.",Statewide,172
Layoff *,11/26/2012,1/21/2013,"ROCK MOUNTAIN MINING , LLC",Bessemer,187
Layoff *,11/7/2012,11/7/2012,"INSIGHT CARD SERVICES, LLC",Birmingham,71
Layoff *,6/20/2012,9/30/2012,THE BIRMINGHAM NEWS,Birmingham,109
Closing *,5/7/2012,7/6/2012,"HOSTESS BRANDS, INC.",Birmingham,63
Closing *,1/25/2012,4/3/2012,"GOLDEN LIVING, OR SOUTHERN BILLING OFFICE",Birmingham,38
Layoff *,12/5/2011,1/31/2012,THE BOEING COMPANY,Huntsville,164
Layoff *,11/16/2011,1/16/2012,WAYNE FARMS LLC,Decatur,363
Layoff *,10/31/2011,12/30/2011,"BAE SYSTEMS, USCS-ANNISTON/2",Anniston,155
Closing *,10/17/2011,12/14/2011,RADICISPANDEX CORPORATION,Tuscaloosa,89
Layoff *,8/11/2011,10/1/2011,"ERC, INC.",Huntsville,210
Layoff *,8/11/2011,10/1/2011,INFOPRO CORPORATION,Huntsville,210
Layoff *,8/1/2011,10/1/2011,JACOBS ESTS GROUP,Huntsville,281
Closing *,7/20/2011,11/18/2011,"THERMO FISHER SCIENTIFIC, INC.",Huntsville,67
Layoff *,7/20/2011,9/15/2011,NORTHRUP GRUMMAN-MAXWELL/GUNTER ANNEX,Montgomery,51
Closing *,6/27/2011,7/31/2011,AC FABRICATED PRODUCTS-GROVE HILL,Grove Hill,70
Closing *,6/13/2011,6/14/2011,KNAUF INSULATION,Lanett,146
Layoff *,5/16/2011,7/13/2011,"RECTICEL INTERIORS N.A., LLC",Tuscaloosa,40
Layoff *,5/13/2011,7/1/2011,"JOHNSON CONTROLS, INC.",Cottondale,42
Closing *,5/12/2011,7/1/2011,K AND K FOOD SERVICES,Huntsville,63
Layoff *,5/11/2011,7/22/2011,UNITED SPACE ALLIANCE (USA),Huntsville,45
Closing *,5/9/2011,5/9/2011,TEAM ONE CONTRACT SERVICES,Prattville,71
Closing *,5/3/2011,3/27/2012,PEMCO WORLD AIR SERVICES,Dothan,319
Closing *,5/3/2011,4/27/2011,SANDERSON PLUMBING PRODUCTS,Butler,50
Layoff *,4/27/2011,7/4/2011,INTEVA PRODUCTS,Gadsden,72
Closing *,4/7/2011,8/5/2011,NORTHROP GRUMMAN SYSTEMS CORPORATION,Huntsville,100
Closing *,3/16/2011,7/1/2011,URS (WESTINGHOUSE),Anniston,840
Closing *,3/16/2011,6/2/2011,"DILLARD'S, INC.",Decatur,71
Layoff *,2/15/2011,3/4/2011,"HEARTLAND ALABAMA, LLC",Greensboro,200
Closing *,2/7/2011,10/2/2011,BEAULIEU GROUP LLC,Eufaula,392
Layoff *,2/14/2011,4/14/2011,ABITIBI BOWATER,Coosa Pine,150
Layoff *,1/31/2011,3/31/2011,NORTHROP GRUMMAN,Redstone Arsenal,97
Closing *,2/1/2011,2/20/2011,GILDAN,Fort Payne,279
Closing *,1/27/2011,4/1/2011,"CHUGACH WORLD SERVICES, INC.",Redstone Arsenal,317
Closing *,2/1/2011,9/5/2011,WESTPOINT HOME INC.,Greenville,183
Closing *,1/31/2011,4/1/2011,"CHUGACH WORLD SERVICES, INC.",Redstone Arsenal,45
Closing *,1/28/2011,2/4/2011,GENESEE TRISTARR INC.,Rogersville,69
Closing *,1/26/2011,4/4/2011,"ABB, INC.",Muscle Shoals,159
Layoff *,5/27/2011,8/31/2011,FLEXTRONICS AMERICAS LLC,Statewide,26
Closing *,12/6/2011,1/31/2012,BIRMINGHAM SOUTHERN RAILROAD COMPANY,Fairfield,181
Closing *,2/17/2011,4/15/2011,"ALABAMA AIRCRAFT INDUSTRIES, INC.",Birmingham,321
Closing *,6/9/2011,7/30/2011,ROCKTENN (FORMERLY SMURFIT STONE),Birmingham,77
Closing *,1/28/2010,4/12/2010,"NEW ERA CAP, DEMOPOLIS",Demopolis,351
Layoff *,1/20/2010,11/13/2009,BB&T CORP.,Montgomery,223
Closing *,12/10/2010,2/1/2011,SCIENCE APPLICATIONS INTERNATIONAL CORP. (SAIC),Huntsville,202
Closing *,12/29/2010,1/21/2011,LOPAREX,Cullman,70
Closing *,11/22/2010,1/18/2011,MICOLAS MILLS (JOHNSTON TEXTILES-2),Opp,135
Layoff *,11/1/2010,12/31/2010,"CATERPILLAR LOGISTICS, INC.",Vance,34
Layoff *,11/8/2010,1/6/2011,"MID-SOUTH ELECTRONICS, INC.",Gadsden,50
Closing *,10/27/2010,3/4/2010,APEX TOOL GROUP AKA NICHOLSON FILE,Cullman,66
Closing *,10/25/2010,12/20/2010,JELD-WEN INTERIOR DOORS,Hartselle,51
Layoff *,10/4/2010,10/29/2010,JOHNSON BROTHERS WINE COMPANY,Pelham,50
Closing *,10/4/2010,10/29/2010,JOHNSON BROTHERS WINE OF ALABAMA,Huntsville,25
Closing *,9/24/2010,11/28/2010,ARAMARK HEALTHCARE,Florence,201
Layoff *,8/5/2010,8/16/2010,"VANITY FAIR BRANDS, LP",Monroeville,68
Closing *,8/6/2010,9/30/2010,"CHUGACH WORLD SERVICES, INC.",Redstone Arsenal,317
Layoff *,8/6/2010,9/30/2010,NORTHROP GRUMMAN,Redstone Arsenal,92
Closing *,7/23/2010,12/31/2010,BERRY PLASTICS COMPANY - COVALENCE SPECIALTY ADHES,Albertville,93
Layoff *,6/21/2010,8/19/2010,BASTION TECHNOLOGIES,Huntsville,124
Closing *,5/19/2010,10/30/2010,GE DOTHAN MOTOR PLANT,Dothan,65
Closing *,5/12/2010,5/12/2010,SIRSIDYNIX,Huntsville,64
Closing *,3/22/2010,4/30/2010,AUTO WAREHOUSING COMPANY,Lincoln,54
Closing *,4/8/2010,6/5/2010,REPAK SOUTH/PMDC SOUTH/GILDAN,Fort Payne,27
Closing *,2/24/2010,4/30/2010,VF JEANSWEAR,Holly Pond,148
Layoff *,2/24/2010,6/1/2010,JAY MID-SOUTH,Gadsden,75
Closing *,11/1/2010,12/27/2010,GAF MATERIALS CORP.,Mobile,61
Closing *,6/1/2010,7/31/2010,"DAIRY FRESH, INC.",Prichard,116
Layoff *,1/22/2010,7/1/2020,URS CORPORATION,Birmingham,134
Layoff *,11/2/2010,12/31/2010,"SUNGARD BUSINESS SYSTEMS, LLC",Birmingham,122
Closing *,8/25/2010,10/29/2010,"CAREMARK RX, LLC",Birmingham,369
Closing *,7/1/2010,8/30/2010,SITEL,Birmingham,432
Closing *,5/3/2010,4/30/2010,MCWANE CAST IRON PIPE COMPANY,Birmingham,117
Layoff *,3/9/2010,3/5/2010,MCWANE CAST IRON PIPE COMPANY,Birmingham,88
Closing *,2/3/2010,3/5/2010,"UNITED STATES PIPE AND FOUNDRY COMPANY, LLC",Birmingham,244
Closing *,1/28/2010,3/31/2010,CONTACT US TELESERVICES,Birmingham,114
Layoff *,3/16/2009,3/6/2009,KV PHARMACEUTICAL COMPANY/THER-RX CORPORATION,Hoover,6
Closing *,3/14/2009,9/26/2008,WACHOVIA CORPORATION,Homewood,76
Closing *,2/28/2009,7/1/2020,SEARS HOLDINGS,Birmingham,15
Closing *,3/16/2009,5/17/2009,BRUNO'S SUPERMARKETS,Montgomery,58
Layoff *,2/6/2009,3/1/2009,"STEVENS GRAPHICS, INC.",Birmingham,283
Layoff *,1/28/2009,12/1/2008,BIRMINGHAM SOUTHERN RAILROAD COMPANY,Fairfield,41
Closing *,3/16/2009,5/17/2009,BRUNO'S SUPERMARKETS,Montgomery,60
Closing *,3/16/2009,5/17/2009,BRUNO'S SUPERMARKETS,Orange Beach,40
Closing *,3/16/2009,5/17/2009,BRUNO'S SUPERMARKETS,Spanish Fort,68
Closing *,3/16/2009,5/17/2009,BRUNO'S SUPERMARKETS,Gulf Shores,63
Closing *,3/16/2009,5/17/2009,BRUNO'S SUPERMARKETS,Fairhope,93
Closing *,3/16/2009,5/17/2009,FOOD WORLD,Moody,62
Closing *,3/16/2009,5/17/2009,FOOD WORLD,Tuscaloosa,72
Closing *,3/16/2009,5/17/2009,FOOD WORLD,Prattville,51
Closing *,3/16/2009,5/17/2009,FOOD WORLD,Tuscaloosa,55
Closing *,3/16/2009,5/17/2009,FOOD WORLD,Jasper,67
Closing *,3/16/2009,5/17/2009,FOOD WORLD,Monroeville,64
Closing *,3/16/2009,5/17/2009,FOOD WORLD,Demopolis,62
Closing *,3/16/2009,5/17/2009,FOOD WORLD,Gadsden,40
Closing *,3/16/2009,5/17/2009,FOOD WORLD,Sylacauga,64
Closing *,3/16/2009,5/17/2009,FOOD WORLD,Pell City,56
Closing *,3/16/2009,5/17/2009,FOOD WORLD,Pelham,45
Closing *,3/16/2009,5/17/2009,FOOD WORLD,Rainbow City,48
Closing *,3/16/2009,5/17/2009,FOOD WORLD,Gadsden,35
Closing *,3/16/2009,5/17/2009,FOOD WORLD,Tuscaloosa,64
Closing *,3/16/2009,5/17/2009,FOOD WORLD,Cullman,49
Closing *,3/16/2009,5/17/2009,FOOD MAX,Oxford,50
Closing *,3/16/2009,5/17/2009,FOOD MAX,Northport,58
Closing *,2/16/2009,5/15/2009,"GRAPHIC PACKAGING INTERNATIONAL, INC.",Tuscaloosa,87
Closing *,2/25/2009,2/26/2009,"RUSSELL CORP., COOSA RIVER YARN PLANT",Wetumpka,138
Closing *,2/25/2009,2/23/2009,"WEYERHAEUSER CO., CASTLEBERRY",Castleberry,71
Closing *,2/20/2009,5/22/2009,GERBER CHILDRENSWEAR LLC,Evergreen,77
Closing *,2/19/2009,4/20/2009,LOPAREX LLC,Cullman,78
Layoff *,2/17/2009,4/17/2009,SCOTCH LUMBER COMPANY,Fulton,143
Closing *,8/17/2009,12/2/2011,CR COMPRESSORS LLC,Hartselle,149
Closing *,12/28/2009,2/27/2010,SITEL,Winfield,302
Layoff *,12/19/2009,1/31/2010,LOCKHEED MARTIN CORPORATION,Huntsville,63
Closing *,11/19/2009,1/18/2010,"NEW ERA CAP CO., INC.",Jackson,320
Closing *,10/4/2009,11/30/2009,VISTEON CORPORATION,Tuscaloosa,
Layoff *,8/14/2009,11/27/2010,"BAE SYSTEMS, USCS-ANNISTON",Anniston,102
Layoff *,10/20/2009,12/14/2009,COOPER HOSIERY MILLS,Fort Payne,51
Closing *,8/5/2009,10/2/2009,CARLISLE TIRE AND WHEEL COMPANY,Heflin,50
Layoff *,10/7/2009,11/28/2009,ARAMARK HEALTHCARE SUPPORT SERVICES,Huntsville,163
Layoff *,9/21/2009,9/28/2009,"ABITIBI BOWATER INC., COOSA PINES OPERATIONS",Coosa Pines,90
Closing *,9/18/2009,11/15/2009,"ABITIBIBOWATER, INC.",Albertville,86
Closing *,9/10/2009,10/1/2009,"MOORE-HANDLEY, INC.",Pelham,200
Closing *,9/9/2009,2/1/2009,MORGAN RESEARCH CORPORATION,Huntsville,135
Closing *,8/31/2009,10/30/2009,"CONTINENTAL AUTOMOTIVE SYSTEMS US, INC.",Huntsville,1281
Layoff *,8/20/2009,10/16/2009,"TELEDYNE BROWN ENGINEERING, INC.",Tanner,140
Layoff *,8/17/2009,10/13/2009,"REGAL EMPLOYMENT, INC.",Hartselle,104
Closing *,2/9/2009,4/20/2009,CARGILL,Decatur,107
Layoff *,1/28/2009,12/1/2008,"FAIRFIELD SOUTHERN COMPANY, INC.",Fairfield,12
Closing *,2/6/2009,2/5/2009,WEYERHAEUSER CORP.,Pine Hill,300
Layoff *,2/5/2009,4/6/2009,ELWOOD STAFFING/NEW SOUTH EXPRESS,Lincoln,86
Closing *,2/3/2009,3/31/2009,BASF CORPORATION,Decatur,115
Layoff *,1/26/2009,3/27/2009,ELWOOD STAFFING/HONDA PLANT,Lincoln,706
Closing *,1/22/2009,3/21/2009,NORBORD,Lanett,127
Closing *,1/16/2009,1/31/2009,CUMMINGS SIGNS INC.,Fort Deposit,51
Layoff *,8/17/2009,10/14/2009,CR COMPRESSORS LLC,Hartselle,186
Closing *,8/6/2009,10/1/2009,"VANITY FAIR BRANDS, ADMIN.",Monroeville,61
Layoff *,8/6/2009,9/30/2009,"RUSSELL CORP., ADMIN. & CORPORATE",Alexander City,218
Layoff *,7/17/2009,9/15/2009,WINSTON FURNITURE COMPANY,Haleyville,108
Closing *,7/24/2009,9/22/2009,PILGRIM'S PRIDE,Athens,640
Layoff *,7/17/2009,9/13/2009,NORFOLK SOUTHERN CORPORATION,Muscle Shoals,64
Layoff *,7/14/2009,9/22/2009,"TELEDYNE BROWN ENGINEERING, INC.",Huntsville,78
Closing *,6/16/2009,6/15/2009,"CHAPMAN FOREST PRODUCTS, INC.",Chapman,263
Closing *,6/11/2009,10/11/2009,KMART CORPORATION STORE #7362,Rainbow City,71
Closing *,6/4/2009,7/15/2009,"WOODLAND (CULLMAN COUNTY MEDICAL CLINIC, INC.)",Cullman,150
Closing *,5/28/2009,7/31/2009,TATE & LYLE SUCRALOSE LLC,McIntosh,126
Closing *,5/20/2009,10/30/2009,HAGER COMPANIES,Oxford,93
Closing *,12/9/2009,5/1/2010,"NEW ERA CAP, DISTRIBUTION CENTER",Mobile,60
Closing *,3/16/2009,5/17/2009,BRUNO'S,Mobile,110
Closing *,3/16/2009,5/17/2009,BRUNO'S,Mobile,77
Closing *,5/22/2009,7/20/2009,PACE INDUSTRIES,Auburn,147
Closing *,3/16/2009,5/17/2009,BRUNO'S,Mobile,58
Closing *,3/16/2009,5/17/2009,FOOD WORLD,Mobile,55
Closing *,3/16/2009,5/17/2009,FOOD WORLD,Mobile,55
Closing *,3/16/2009,5/17/2009,FOOD WORLD,Mobile,47
Closing *,3/16/2009,5/17/2009,FOOD WORLD,Mobile,52
Closing *,3/16/2009,5/17/2009,FOOD WORLD,Mobile,48
Closing *,3/16/2009,5/17/2009,FOOD WORLD,Theodore,30
Closing *,3/16/2009,5/17/2009,FOOD WORLD,Saraland,30
Closing *,3/11/2009,5/8/2009,"ARMSTRONG WORLD INDUSTRIES, INC. (3)",Mobile,172
Closing *,3/9/2009,5/31/2009,SEARS HOLDINGS,Saraland,74
Closing *,5/20/2009,7/14/2009,VANITY FAIR BRANDS-KNITTING FACILITY,Jackson,69
Closing *,5/19/2009,7/14/2009,VANITY FAIR BRANDS-DYE/FINISH FACILITY,Monroeville,141
Closing *,5/11/2009,11/6/2009,ACCELLENT,Huntsville,78
Closing *,5/7/2009,6/26/2009,RIGID BUILDING SYSTEMS,Gadsden,73
Layoff *,8/25/2009,7/27/2009,HARBISON-WALKER REFRACTORIES COMPANY,Fairfield,74
Layoff *,7/29/2009,11/13/2009,ASSURANT EMPLOYEE BENEFITS,Birmingham,92
Layoff *,7/10/2009,9/8/2009,UNITED RETAIL SERVICE (URS),Birmingham,16
Layoff *,6/29/2009,5/30/2009,"SUN MICROSYSTEMS, INC.",Birmingham,12
Closing *,5/8/2009,5/19/2009,UNITED STATES STEEL CORPORATION,Fairfield,1711
Layoff *,4/16/2009,12/1/2008,FLEX-N-GATE-ALABAMA,McCalla,46
Closing *,4/15/2009,4/9/2009,CLIFF'S NATURAL RESOUCES INC. - OAK GROVE MINE,Adger,47
Closing *,3/16/2009,5/17/2009,FOOD WORLD,McCalla,74
Closing *,4/13/2009,7/1/2009,RUSSELL CORP. (WOVEN FABRICS PLANT),Alexander City,252
Closing *,3/16/2009,5/17/2009,FOOD WORLD,Trussville,42
Closing *,3/16/2009,5/17/2009,FOOD WORLD,Birmingham,42
Closing *,3/16/2009,5/17/2009,FOOD WORLD,Hueytown,60
Closing *,3/16/2009,5/17/2009,FOOD WORLD,Birmingham,40
Closing *,3/16/2009,5/17/2009,BRUNO'S SUPERMARKETS,Birmingham,87
Closing *,3/16/2009,5/17/2009,BRUNO'S SUPERMARKETS,Hoover,70
Closing *,3/16/2009,5/17/2009,BRUNO'S SUPERMARKETS,Birmingham,60
Closing *,3/16/2009,5/17/2009,BRUNO'S SUPERMARKETS,Birmingham,89
Closing *,3/16/2009,5/17/2009,BRUNO'S SUPERMARKETS,Hoover,106
Closing *,3/16/2009,5/17/2009,BRUNO'S SUPERMARKETS,Birmingham,73
Layoff *,4/10/2009,4/30/2009,SCIENCE APPLICATIONS INTERNATIONAL CORP.,Anniston,90
Closing *,3/16/2009,5/17/2009,FOOD WORLD,Gardendale,48
Closing *,3/16/2009,5/17/2009,FOOD WORLD,Dora,47
Closing *,4/1/2009,4/30/2009,ADVANCED FEDERAL SERVICES CORPORATION,Madison,69
Closing *,4/1/2009,6/5/2009,ALABAMA RIVER NEWSPRINT MILL,Perdue Hill,167
Layoff *,3/30/2009,3/31/2009,JACK HUGHSTON MEMORIAL HOSPITAL,Phenix City,80
Closing *,3/16/2009,5/17/2009,BRUNO'S SUPERMARKETS,Tuscaloosa,103
Closing *,3/16/2009,5/17/2009,BRUNO'S SUPERMARKETS,Alabaster,54
Closing *,3/16/2009,5/17/2009,BRUNO'S SUPERMARKETS,Tuscaloosa,106
Closing *,12/2/2008,11/21/2008,INTERNATIONAL CODE COUNCIL,Birmingham,6
Closing *,11/5/2008,1/23/2009,CERTAINTEED CORPORATION,Birmingham,50
Closing *,10/20/2008,10/20/2008,PHYSICIAN'S MEDICAL CENTER,Birmingham,1000
Layoff *,5/2/2008,7/1/2008,"BORAL BRICKS, INC.",Bessemer,39
Closing *,4/25/2008,6/27/2008,TELETECH,Fairfield,272
Closing *,4/24/2008,9/1/2008,CARDINAL HEALTH,Bessemer,100
Closing *,4/9/2008,6/15/2008,FIRST AMERICAN BANK,Birmingham,78
Closing *,2/5/2008,4/1/2008,SKYWEST AIRLINES,Birmingham,23
Layoff *,2/4/2008,4/1/2008,EDS,Birmingham,261
Closing *,9/25/2008,9/24/2008,"BILL HEARD CHEVROLET, INC.",Huntsville,158
Closing *,9/30/2008,11/14/2008,"ALTADIS USA, INC. (SELMA CIGAR FACTORY)",Selma,213
Closing *,9/10/2008,9/11/2008,BAE SYSTEMS (SECOND CHANCE BODY ARMOR),Geneva,194
Closing *,7/2/2008,4/30/2009,ADVANCED FEDERAL,Anniston,69
Closing *,6/17/2008,6/26/2008,FRONTIER YARNS-LAFAYETTE,Lafayette,129
Layoff *,1/22/2008,3/17/2008,KNAUF INSULATION,Lanett,75
Closing *,1/9/2008,2/15/2008,ALBANY INTERNATIONAL-APPLETON WIRE DIVISION,Montgomery,96
Layoff *,1/4/2008,3/4/2008,STANDARD FURNITURE MFG. CO.,Frisco City,192
Layoff *,6/12/2008,8/10/2008,"HERFF JONES, INC.",Montgomery,43
Layoff *,6/3/2008,6/10/2008,"RUSSELL CORP., COOSA RIVER TEXTILES",Wetumpka,550
Closing *,6/3/2008,8/19/2008,OCCIDENTAL CHEMICAL CORPORATION,Muscle Shoals,47
Closing *,5/29/2008,7/31/2008,SHAW INDUSTRIES,Stevenson,418
Closing *,11/12/2008,1/10/2009,"GEORGIA-PACIFIC CORP., MONROEVILLE",Peterman,319
Closing *,3/27/2008,6/1/2008,DILLARD'S,Tuscaloosa,130
Closing *,3/25/2008,5/23/2008,PERFORMANCE FIBERS,Winfield,93
Closing *,3/20/2008,5/18/2008,GEORGIA PACIFIC WOOD PRODUCTS-TALLADEGA,Talladega,380
Closing *,3/12/2008,5/17/2008,DELTA AIR LINES,Huntsville,183
Closing *,3/10/2008,5/5/2008,"WESTPOINT HOME, INC. FAIRFAX DISTRIBUTION CENTER",Valley,315
Closing *,12/15/2008,2/11/2009,"W.Y. SHUGART & SONS, INC.",Fort Payne,60
Closing *,12/12/2008,12/12/2008,"PATRIOT HOMES, INC. (AKA SOUTHRIDGE HOMES)",Hamilton,125
Closing *,12/12/2008,2/27/2009,GILDAN,Fort Payne,738
Layoff *,12/15/2008,2/11/2008,"W.Y. SHUGART & SONS, INC.",Fort Payne,60
Closing *,12/9/2008,2/7/2009,VERTIS COMMUNICATIONS INC.,Sylacauga,283
Layoff *,11/19/2008,1/20/2009,BERRY PLASTICS CORP. COVALENCE SPECIALTY ADHESIVES,Albertville,96
Closing *,11/14/2008,1/15/2009,UNITED INDUSTRIAL (SPECTRUM BRANDS),Sylacauga,107
Closing *,11/17/2008,1/12/2009,LOUISIANA-PACIFIC CORP.,Thomasville,129
Closing *,11/5/2008,3/20/2008,PINKERTON GOVERNMENT SERVICES,Athens,194
Closing *,10/14/2008,12/29/2008,"FPMI SOLUTIONS, INC.",Arab,89
Closing *,11/20/2008,12/1/2008,WEST FRASER-CITRONELLE LUMBER MILL,Citronelle,102
Closing *,12/28/2007,2/29/2008,"MEADOWCRAFT, INC.",Birmingham,246
Layoff *,9/25/2007,9/1/2007,"PEMCO AEROPLEX, INC.",Birmingham,300
Closing *,9/14/2007,9/28/2007,SPRING AIR COMPANY,Birmingham,67
Closing *,4/30/2007,6/29/2007,"T&WA OF BIRMINGHAM, LLC",Birmingham,51
Closing *,4/12/2007,5/14/2007,"ARAMARK MANAGEMENT SERVICES, LTD. PARTNERSHIP",Birmingham,232
Closing *,2/13/2007,2/19/2007,PLEASANT GROVE NURSING AND REHABILITATION CTR. LLC,Pleasant Grove,175
Closing *,4/24/2007,6/22/2007,KOCH FOODS OF ALABAMA-SYLACAUGA,Sylacauga,243
Closing *,4/19/2007,6/20/2007,WEHADKEE YARN MILLS,Talladega,85
Closing *,4/4/2007,6/4/2007,"TYSON FOODS, INC. (HEFLIN)",Heflin,21
Closing *,3/23/2007,10/1/2010,AC FABRICATED PRODUCTS (JACKSON),Jackson,65
Layoff *,3/22/2007,5/21/2007,"TYSON FOODS, INC. (GADSDEN)",Gadsden,400
Closing *,2/20/2007,3/31/2007,"SOUTHERN PRIDE CATFISH, LLC",Demopolis,150
Layoff *,3/13/2007,5/12/2007,TRIANA INDUSTRIES,Triana,150
Closing *,3/5/2007,4/13/2007,LP BUILDING PRODUCTS-SELMA,Selma,107
Closing *,3/1/2007,3/12/2007,"RUSSELL CORP., PLANT NO. 10",Alexander City,425
Closing *,2/23/2007,4/27/2007,PENDA DALEVILLE (TRI-GLAS INDUSTRIES),Daleville,70
Closing *,2/5/2007,4/1/2007,ALUTIIQ-WACKENHUT SECURITY SERVICES,Redstone Arsenal,99
Closing *,1/19/2007,3/24/2007,ELASTIC CORPORATION,Columbiana,233
Closing *,1/16/2007,3/14/2007,"WESTPOINT HOME, INC., TRANSPORTATION CENTER",Valley,60
Closing *,7/26/2007,9/24/2007,WESTPOINT HOME-LANIER PLANT,Valley,300
Closing *,5/8/2007,9/1/2007,"VANITY FAIR BRANDS, LP",Monroeville,210
Closing *,5/4/2007,6/29/2007,WESTPOINT HOME-FAIRFAX MILL,Valley,30
Closing *,7/27/2007,7/31/2007,WELLSTONE MILLS-PLANT 1,Eufaula,125
Closing *,7/17/2007,9/14/2007,"DELTA APPAREL, INC.",Fayette,109
Layoff *,6/1/2007,7/28/2007,SARA LEE BAKERY GROUP,Dothan,99
Closing *,12/19/2007,2/8/2008,DIXIE-PACIFIC MFG. COMPANY,Gadsden,172
Closing *,12/10/2007,2/7/2008,WESTPOINT HOME-FAIRFAX FINISHING PLANT,Valley,200
Closing *,12/10/2007,2/7/2008,WESTPOINT HOME-FAIRFAX FABRICATION PLANT,Valley,650
Closing *,12/10/2007,4/30/2008,SPRINGS GLOBAL,Piedmont,325
Closing *,11/20/2007,1/13/2007,PARKDALE MILLS,Rockford,100
Closing *,12/4/2007,12/4/2007,WELLSTONE MILLS-PLANT 2,Eufaula,117
Closing *,11/27/2007,1/31/2008,CHAMPION HOME BUILDERS (GATEWAY HOMES),Guin,196
Layoff *,11/15/2007,1/24/2008,HALDEX BRAKE PRODUCTS CORP.,Prattville,85
Closing *,10/30/2007,1/1/2008,GENERAL CASUALTY INSURANCE,Montgomery,87
Closing *,5/29/2007,7/27/2007,WESTPOINT HOME-ABBEVILLE,Abbeville,700
Closing *,11/8/2007,1/6/2008,"WOLVERINE TUBE, INC.",Decatur,464
Closing *,10/31/2007,12/3/2007,DELPHI STEERING SYSTEMS,Athens,1020
Closing *,5/29/2007,7/27/2007,WESTPOINT HOME-GRIFFTEX CHEMICAL PLANT,Opelika,13
Closing *,10/3/2007,12/3/2007,BEAULIEU OF AMERICA,Boaz,140
Closing *,5/29/2007,7/27/2007,WESTPOINT HOME-OPELIKA FINISHING PLANT,Opelika,350
Closing *,10/2/2007,11/29/2007,WESTPOINT HOME-CARTER PLANT,Valley,350
Closing *,8/28/2007,11/20/2007,CONTINENTAL EAGLE CORP.,Prattville,150
Layoff *,9/5/2007,6/1/2008,REGIONS FINANCIAL CORP.,Montgomery,625
Layoff *,8/31/2007,11/2/2007,WISE ALLOYS LLC,Muscle Shoals,301
Layoff *,10/1/2007,11/30/2007,GAF MATERIALS CORP.,Mobile,97
Layoff *,8/10/2007,10/6/2007,SMURFIT-STONE CONTAINER,Brewton,75
Closing *,5/8/2007,5/31/2007,SENTINEL CONSUMER PRODUCTS,Anniston,73
Layoff *,11/9/2006,1/31/2007,"SAKS, INC.",Birmingham,90
Closing *,11/6/2006,3/15/2007,PARISIAN CORPORATE HEADQUARTER (BELK #953),Birmingham,414
Closing *,10/26/2006,11/8/2006,SODEXHO HEALTH CARE SERVICE-D/B/A CARRAWAY MED CTR,Birmingham,132
Layoff *,10/5/2006,12/6/2006,"DRUMMOND COMPANY, INC.",Adger,475
Layoff *,8/29/2006,9/25/2006,"SOUTHERN FAMILY MARKETS, LLC",Birmingham,278
Layoff *,8/8/2006,10/6/2006,CARDINAL HEALTH,Birmingham,49
Closing *,11/17/2006,12/29/2006,"VESTA INSURANCE GROUP, INC.",Birmingham,74
Layoff *,7/26/2006,9/29/2006,FEDERAL RESERVE OF ATLANTA,Birmingham,54
Layoff *,5/10/2006,6/10/2006,HOUSING AUTHORITY OF THE BIRMINGHAM DISTRICT,Birmingham,143
Closing *,2/7/2006,4/23/2006,KRAFT FOODS,Hoover,61
Closing *,1/4/2006,3/31/2006,MCRAE'S,Birmingham,87
Closing *,12/6/2006,12/31/2006,JOHNS MANVILLE COMPANY,Phenix City,150
Closing *,12/7/2006,2/5/2007,"RENFRO-CHARLESTON HOSIERY, LLC",Fort Payne,174
Closing *,12/1/2006,3/15/2007,PARISIAN DISTRIBUTION CENTER-BELK #741,Steele,84
Closing *,11/20/2006,1/10/2007,"WAVERLEE HOMES, INC.",Tuscumbia,92
Closing *,11/2/2006,12/31/2006,IMPERIAL MANUFACTURING,Montgomery,30
Closing *,11/1/2006,12/31/2006,SCHNEIDER NATIONAL CARRIERS,Evergreen,52
Layoff *,10/25/2006,12/22/2006,"SHAW INDUSTRIES GROUP, INC.",Stevenson,236
Closing *,10/25/2006,12/24/2006,"THE ALAN WHITE COMPANY, INC.",Sulligent,124
Closing *,10/16/2006,12/6/2006,"CREATIVE ENGINEERED POLYMER PRODUCTS, LLC.",Tuscaloosa,145
Closing *,10/4/2006,12/29/2006,PERFORMANCE FIBERS,Scottsboro,139
Closing *,9/22/2006,10/31/2006,"LEAR SIEGLER SERVICES, INC.",Fort Rucker,421
Layoff *,9/15/2006,11/15/2006,ALATECH HEALTHCARE PRODUCTS,Eufaula,50
Layoff *,9/15/2006,11/15/2006,ALATECH HEALTHCARE PRODUCTS,Slocomb,100
Closing *,9/7/2006,10/31/2006,AC FABRICATED PRODUCTS-CHATOM,Chatom,146
Closing *,9/5/2006,11/4/2006,WESTPOINT HOME-LANETT,Lanett,370
Closing *,9/5/2006,11/4/2006,WESTPOINT HOME-OPELIKA,Opelika,325
Closing *,7/11/2006,7/1/2009,"BF GOODRICH TIRE MFG., OPELIKA",Opelika,1350
Closing *,7/5/2006,11/30/2006,ACE PRODUCTS,Lineville,102
Closing *,6/30/2006,8/29/2006,PALM HARBOR HOMES,Boaz,215
Closing *,6/16/2006,5/24/2006,INDIES HOUSE,Hackleburg,356
Layoff *,3/8/2006,8/18/2006,COOPER HAND TOOLS,Cullman,52
Closing *,6/12/2006,9/1/2006,"DELTA AIRLINES, INC.",Montgomery,150
Layoff *,6/6/2006,6/9/2006,NORTHROP GRUMMAN CORPORATION,Redstone Arsenal,97
Closing *,6/2/2006,5/9/2008,JOHNSON CONTROLS,Montgomery,213
Closing *,5/22/2006,7/25/2006,"AVONDALE MILLS INC., PELL CITY",Pell City,255
Closing *,5/22/2006,7/25/2006,"AVONDALE MILLS, INC., SYLACAUGA",Sylacauga,1023
Closing *,3/28/2006,5/26/2006,"WESTPOINT HOME, INC.",Columbia,110
Closing *,3/7/2006,4/17/2006,PHILLIPS-VAN HEUSEN,Ozark,538
Closing *,2/22/2006,3/22/2009,GLOBE METALLURGICAL INC.,Selma,60
Layoff *,3/2/2006,4/23/2006,"3D LABS, INC.",Madison,84
Closing *,2/10/2006,4/6/2006,AC FABRICATED PRODUCTS,Silas,50
Layoff *,1/24/2006,1/12/2007,DESOTO MILLS (RUSSELL CORPORATION),Fort Payne,220
Layoff *,1/24/2006,3/1/2010,DESOTO MILLS (RUSSELL CORPORATION),Fort Payne,104
Closing *,1/25/2006,5/16/2008,MASONITE INTERNATIONAL CORP.,Mobile,260
Layoff *,12/5/2005,1/31/2006,ACCENTURE LLP,Hoover,125
Layoff *,11/30/2005,1/31/2006,ACCENTURE LLP,Birmingham,54
Closing *,6/21/2005,8/20/2005,"WINN DIXIE FOODS, INC. STORE NO. 532",Vestavia Hills,75
Closing *,5/12/2005,5/5/2005,"SERVICE TRANSPORT, INC.",Birmingham,26
Closing *,3/24/2005,5/25/2005,DEL MONTE FOODS,Birmingham,80
Closing *,3/21/2005,4/30/2005,HEALTHSOUTH CORPORATION,Birmingham,111
Layoff *,1/31/2005,3/31/2005,FEDERAL RESERVE BANK OF ATLANTA-BIRMINGHAM BRANCH,Birmingham,70
Closing *,1/26/2005,3/15/2005,PARISIAN,Fairfield,87
Layoff *,8/1/2005,10/1/2005,"JOHNSTON TEXTILES, INC.",Phenix City,170
Closing *,6/21/2005,8/20/2005,"WINN DIXIE FOODS, INC. STORE NO. 0519",Greenville,70
Closing *,6/21/2005,8/20/2005,"WINN DIXIE FOODS, INC. STORE NO. 0529",Alabaster,75
Closing *,6/21/2005,8/20/2005,"WINN DIXIEFOODS, INC. STORE NO. 1914",Madison,89
Closing *,6/21/2005,9/16/2005,WINN DIXIE GROCERY DISTRIBUTION CENTER,Montgomery,154
Closing *,5/23/2005,6/3/2005,"SWEET SUE KITCHENS, INC.",Athens,161
Closing *,5/12/2005,5/5/2005,"SERVICE TRANSPORT, INC.",Montgomery,15
Closing *,5/12/2005,5/5/2005,"SERVICE TRANSPORT, INC.",Decatur,25
Layoff *,4/29/2005,6/26/2005,GULF STATES PAPER CORPORATION,Tuscaloosa,80
Closing *,3/24/2005,3/24/2005,CONAGRA FOODS,Montgomery,365
Layoff *,12/13/2005,1/29/2006,RUSSELL CORP. (ALEX CITY),Alexander City,747
Closing *,12/13/2005,1/29/2006,RUSSELL CORP. (PLANT #7-BLEACHERY),Alexander City,180
Closing *,12/8/2005,2/13/2006,"WRIGHT-K TECHNOLOGY, INC.",Madison,150
Layoff *,11/15/2005,11/22/2006,CITATION-SOUTHERN ALUMINUM,Bay Minette,124
Closing *,11/1/2005,12/30/2005,"WESTPOINT HOME, INC. (FAIRVIEW PLANT)",Valley,285
Closing *,10/6/2005,12/2/2005,HEALTHSOUTH,Pelham,70
Closing *,10/6/2005,12/5/2005,CARGILL,Decatur,106
Layoff *,9/27/2005,12/15/2008,"BAE SYSTEMS, 10TH ST. FORGE FACILITY",Anniston,222
Closing *,9/14/2005,3/31/2006,COMMSCOPE,Scottsboro,180
Layoff *,9/19/2005,11/15/2005,"GETRONICS ENTERPRISE MANAGED SEVICES, LLC",Hartselle,5
Closing *,9/16/2005,11/14/2005,NATIONAL LINEN AND UNIFORM SERVICE,Montgomery,102
Layoff *,9/6/2005,11/5/2005,"KAPPLER, INC.",Guntersville,169
Closing *,8/19/2005,9/2/2005,"WINN DIXIE FOODS, INC.",Florence,76
Layoff *,2/15/2005,4/15/2005,"MUNDY MAINTENANCE AND SERVICES, LLC",Decatur,224
Layoff *,2/14/2005,4/15/2005,SOLUTIA,Decatur,208
Closing *,2/7/2005,2/7/2005,TEE JAYS,Florence,220
Closing *,2/2/2005,9/30/2005,"THE BRIDGE, INC., EUFAULA YOUTH CENTER",Clayton,91
Closing *,8/24/2005,9/19/2005,"FISHKING PROCESSORS, INC.",Bayou La Batre,90
Closing *,1/26/2005,1/31/2005,PARISIAN,Birmingham,102
Closing *,1/21/2005,3/8/2005,"SIEMANS LOGISTICS AND ASSEMBLY SYSTEMS, INC.",Birmingham,83
Layoff *,1/11/2005,3/11/2005,"BRUNO'S SUPERMARKETS, INC.",Birmingham,175
Closing *,1/7/2005,1/23/2005,"FUJICOLOR PROCESSING, INC.",Birmingham,89
Closing *,1/20/2004,3/16/2004,RICH'S-MACY'S CENTURY PLAZA STORE,Birmingham,75
Closing *,11/24/2004,1/30/2005,WACHOVIA CORPORATION,Montgomery,50
Closing *,12/29/2004,1/3/2005,CHAMPION HOMES OF BOAZ (CHANDELEUR HOMES),Boaz,180
Closing *,12/3/2004,12/31/2004,"THE BRIDGE, INC.",Decatur,3
Closing *,10/12/2004,12/30/2004,"MEDLINE INDUSTRIES, INC.",Monroeville,134
Closing *,10/5/2004,1/1/2005,BERWICK OFFRAY,Anniston,89
Closing *,10/2/2004,12/4/2004,DOZIER MANUFACTURING,Dozier,130
Closing *,8/20/2004,10/18/2004,WEST TELEMARKETING CORPORATION,Huntsville,1081
Closing *,8/20/2004,9/30/2004,"THE BRIDGE, INC. (HANDS HOME)",Decatur,11
Closing *,7/28/2004,10/22/2004,AMERISOURCEBERGEN,Montgomery,60
Closing *,4/28/2004,9/30/2004,"REGIONS FINANCIAL CORP., MORTGAGE DEPT.",Montgomery,341
Layoff *,7/19/2004,9/16/2004,WAL-MART CHECK COLLECTION CENTER,Tuscaloosa,87
Closing *,7/9/2004,9/7/2004,WEST CORPORATION,Dothan,200
Closing *,7/7/2004,9/30/2004,UNION PLANTERS BANK,Montgomery,74
Closing *,6/30/2004,6/30/2004,EMPIRE COKE COMPANY,Holt,141
Closing *,6/25/2004,6/29/2004,"USA HEALTHCARE, INC.",Cullman,700
Closing *,5/19/2004,7/17/2004,ROYAL HARVEST FOODS,Marion,95
Closing *,4/27/2004,5/7/2004,WEHADKEE YARN MILLS-ROCK MILLS DIVISION,Roanoke,45
Closing *,4/8/2004,10/15/2004,"DESIGNER CHECKS, INC.",Anniston,182
Closing *,4/1/2004,6/1/2004,MONESSEN HEARTH SYSTEMS,Athens,63
Layoff *,3/29/2004,5/28/2004,M&H VALVE COMPANY,Anniston,64
Layoff *,3/19/2004,5/17/2004,DELPHI PACKARD,Gadsden,118
Closing *,3/1/2004,4/30/2004,"USA HEALTHCARE, LLC",Cullman,700
Closing *,2/20/2004,4/30/2004,VERIZON WIRELESS,Dothan,50
Closing *,2/17/2004,4/30/2004,WERNER COMPANY,Anniston,530
Closing *,2/5/2004,12/2/2004,"JIM WALTER RESOURCES, INC.",Brookwood,320
Closing *,1/16/2004,3/15/2004,ADVANCE AUTO PARTS DISTRIBUTION CENTER,Gadsden,140
Closing *,1/13/2004,2/23/2004,AAA PLUMBING POTTERY CO.,Attalla,226
Closing *,1/9/2004,7/16/2004,WESTPOINT STEVENS (FAIRFAX GREIGE PLANT),Valley,300
Closing *,11/4/2004,3/15/2005,BREDERO SHAW,Theodore,220
Closing *,10/1/2004,12/3/2004,AMERISOURCE BERGEN CORPORATION,Mobile,46
Closing *,2/20/2004,3/31/2004,"SYNGENTA CROP PROTECTION, INC.",Bucks,160
Closing *,11/24/2004,11/1/2004,WACHOVIA CORPORATION,Birmingham,1714
Closing *,9/30/2004,11/12/2004,"CENTRAL LAUNDRY SERVICES (SODEXHO, INC.)",Birmingham,63
Layoff *,9/8/2004,12/6/2004,ELECTRONIC DATA SYSTEMS,Birmingham,24
Closing *,7/30/2004,8/8/2004,WILLIAMS BRIDGE COMPANY,Bessemer,39
Closing *,7/2/2004,9/2/2004,HEALTHSOUTH METRO WEST HOSPITAL,Fairfield,506
Closing *,10/14/2003,12/5/2003,TENET PATIENT FINANCIAL SERVICES-BROOKWOOD MEDICAL,Birmingham,50
Closing *,9/12/2003,11/10/2003,DAYTON SUPERIOR MANUFACTURING,Birmingham,150
Closing *,9/8/2003,11/3/2003,"CONSTAR, INC.",Birmingham,48
Closing *,9/3/2003,11/2/2003,"GOLD KIST, INC.",Trussville,490
Closing *,5/12/2003,7/8/2003,COPPERWELD (AKA LTV COPPERWELD),Birmingham,54
Closing *,3/28/2003,6/2/2003,OVATIONS (A UNITEDHEALTH GROUP COMPANY),Birmingham,74
Closing *,1/31/2003,4/1/2003,BAKE-LINE GROUP,Birmingham,139
Closing *,1/16/2003,3/17/2003,CLARKE AMERICAN,Birmingham,71
Closing *,9/29/2003,11/30/2003,DYNCORP TECHNICAL SERVICES,Daleville,3157
Closing *,10/7/2003,12/5/2003,"GOODYEAR DUNLOP TIRE NA, LTD.",Huntsville,1160
Closing *,9/12/2003,9/26/2003,SARA LEE BAKERY GROUP,Fort Payne,800
Closing *,9/15/2003,11/11/2003,"DANA CORP., SPICER TRAILER PRODUCTS",Montgomery,98
Closing *,8/26/2003,9/30/2003,BECHTEL POWER CORPORATION,Decatur,686
Closing *,8/1/2003,9/29/2003,CROWNTUFT,Heflin,53
Closing *,7/30/2003,7/31/2003,PILLOWTEX CORPORATION,Phenix City,216
Closing *,7/30/2003,7/30/2003,"PILLOWTEX, INC.",Scottsboro,265
Closing *,7/22/2003,9/21/2003,"BEMIS COMPANY, INC.",Prattville,85
Layoff *,6/27/2003,9/1/2003,WESTPOINT STEVENS,Greenville,65
Closing *,6/19/2003,8/29/2003,UAW/DAIMLER CHRYSLER CHILD DEVELOPMENT,Huntsville,56
Closing *,12/18/2003,2/16/2004,"DILLARD'S INC., MONTGOMERY MALL",Montgomery,165
Layoff *,12/17/2003,12/31/2003,"NEW TECHNOLOGY, INC.",Huntsville,94
Closing *,11/17/2003,1/30/2004,"MOHAWK INDUSTRIES, INC.",Talladega,125
Closing *,12/1/2003,11/21/2003,CLEANERS HANGER COMPANY (CHC),Gadsden,50
Closing *,11/25/2003,1/30/2004,ENCOMPASS GROUP (DOWLING MANUFACTURING),Clio,91
Closing *,11/24/2003,12/31/2003,ARCATA ASSOCIATES,Huntsville,66
Closing *,11/24/2003,12/15/2003,"JOHNSTON INDUSTRIES, INC.",Valley,191
Closing *,11/17/2003,1/16/2004,WESTPOINT STEVENS (LANIER PLANT),Valley,300
Layoff *,11/14/2003,1/31/2004,JVC,Tuscaloosa,120
Closing *,11/3/2003,3/30/2004,DIGITALNET GOVERNMENT SOLUTIONS,Huntsville,56
Layoff *,11/4/2003,12/31/2003,LOCKHEED MARTIN,Huntsville,118
Layoff *,11/3/2003,3/30/2004,COMPUTER SCIENCES CORPORATION,Huntsville,667
Closing *,9/30/2003,1/15/2004,"ONESOURCE FACILITY SERVICES, INC.",Tuskegee,144
Closing *,9/29/2003,11/27/2003,L3 COMMUNICATIONS,Fort Rucker,57
Closing *,5/27/2003,5/30/2003,"FLEMING COMPANIES, INC.",Geneva,159
Closing *,5/20/2003,5/20/2003,INTERNATIONAL PAPER,Moundville,172
Layoff *,5/22/2003,7/24/2003,"AVONDALE MILLS, INC., BEVILLE PLANT",Alexander City,174
Closing *,5/21/2003,7/21/2003,FISKARS' HOME LEISURE (AMERICAN DESIGNER POTTERY),Opelika,76
Closing *,5/12/2003,7/18/2003,"CORTEZ, INC.",Marshall Center,157
Closing *,4/29/2003,4/29/2003,UNITED STATES PIPE & FOUNDRY CO.,Anniston,80
Closing *,4/25/2003,6/24/2003,MEADOW GOLD DAIRIES,Huntsville,140
Closing *,4/10/2003,4/11/2003,"LEXINGTON FABRICS, INC.",Florence,242
Closing *,3/13/2003,5/16/2003,"AVONDALE MILLS, INC.",Bon Air,114
Closing *,2/26/2003,5/4/2003,WEYERHAEUSER PLYWOOD FACILITY,Millport,250
Closing *,1/31/2003,8/9/2004,WISE ALLOYS LLC,Sheffield,66
Closing *,1/27/2003,3/30/2003,"CHAROEN POKPHAND (USA), INC.",Bakerhill,15
Closing *,1/14/2003,3/21/2003,KMART CORPORATION STORE # 4833,Atmore,100
Closing *,1/14/2003,3/21/2003,KMART CORPORATION STORE #3132,Montgomery,150
Closing *,1/14/2003,3/21/2003,KMART - STORE #3671,Madison,64
Closing *,9/3/2003,10/29/2003,WEST CORPORATION,Mobile,395
Closing *,8/27/2003,9/21/2003,BE & K INDUSTRIAL SERVICES (DUPONT PLANT),Axis,85
Closing *,6/19/2003,8/22/2003,KELLOGG BROWN & ROOT,Mobile,140
Closing *,1/15/2003,6/5/2003,KERR-MCGEE CHEMICAL LLC,Theodore,139
Closing *,1/14/2003,3/21/2003,KMART CORPORATION # 7435,Mobile,25
Closing *,11/6/2002,12/31/2002,"UNR ROHN, INC.",Bessemer,115
Closing *,11/5/2002,12/30/2002,"CUMMINS ALABAMA, INC.",Birmingham,63
Closing *,9/12/2002,9/1/2002,CONSOLIDATED FREIGHTWAYS,Birmingham,104
Closing *,5/13/2002,5/9/2002,FIRST SOURCE FURNITURE GROUP,Leeds,134
Closing *,3/22/2002,5/15/2002,"SRM AGGREGATES, INC.",Birmingham,177
Closing *,3/11/2002,5/7/2002,KMART CORPORATION-STORE 3356,Birmingham,80
Closing *,3/11/2002,5/7/2002,KMART CORPORATION-STORE 3528,Birmingham,80
Closing *,3/11/2002,5/7/2002,KMART CORPORATION-STORE 3930,Fairfield,90
Closing *,1/22/2002,3/24/2002,MACY'S EAST (GALLERIA MALL),Hoover,192
Layoff *,7/3/2002,8/31/2002,TEE JAYS,Florence,207
Layoff *,6/4/2002,7/15/2002,CASH VALVE,Cullman,50
Closing *,5/23/2002,8/2/2002,NESTLE PURINA PETCARE COMPANY,Decatur,125
Layoff *,5/8/2002,5/10/2002,AMERICAN CANDY COMPANY,Selma,330
Closing *,4/25/2002,4/25/2002,INVITROGEN CORPORATION,Huntsville,250
Closing *,4/18/2002,6/12/2002,GENESYS CONFERENCING,Montgomery,85
Closing *,4/15/2002,9/1/2002,"CLARK ALABAMA, INC.",Pell City,52
Layoff *,4/5/2002,8/1/2002,WIEGAND APPLIANCE DIVISION,Vernon,219
Closing *,3/22/2002,5/31/2002,BELLSOUTH,Decatur,55
Closing *,3/11/2002,5/7/2002,KMART CORPORATION-STORE 3849,Huntsville,70
Closing *,3/11/2002,5/7/2002,KMART CORPORATION-STORE 7336,Pelham,70
Closing *,3/11/2002,5/7/2002,KMART CORPORATION-STORE 4836,Ozark,80
Closing *,3/1/2002,4/30/2002,GETRONICS,Huntsville,62
Layoff *,2/28/2002,3/31/2002,PILLOWTEX CORPORATION,Phenix City,818
Closing *,2/28/2002,9/28/2003,"FAYETTE COTTON MILL, INC.",Fayette,286
Closing *,2/19/2002,4/19/2002,WEHADKEE YARN MILLS-CHINNABEE PLANT,Talladega,90
Closing *,1/30/2002,3/31/2002,OWENS CORNING,Athens,63
Closing *,1/11/2002,3/4/2002,TYCO ELECTRONICS,Arab,256
Closing *,1/14/2002,3/21/2003,"KMART CORPORATION, STORE # 3054",Montgomery,150
Closing *,12/30/2002,2/28/2003,SARA LEE BAKING GROUP,Huntsville,72
Closing *,12/18/2002,12/18/2002,OPP & MICOLAS MILLS (JOHNSTON INDUSTRIES),Opp,647
Layoff *,11/5/2002,1/2/2003,BE & K CONSTRUCTION COMPANY,Decatur,108
Closing *,10/21/2002,12/16/2002,"ARDCO HOLDINGS, INC.",Scottsboro,140
Closing *,10/15/2002,10/28/2002,SANMINA-SCI CORPORATION (PLANT 5),Huntsville,124
Layoff *,9/26/2002,12/2/2002,BOISE PAPER SOLUTIONS,Jackson,78
Layoff *,9/4/2002,10/31/2002,"SUMMA TECHNOLOGY, INC.",Cullman,66
Layoff *,8/30/2002,10/28/2002,SIEMENS WESTINGHOUSE,Fort Payne,200
Layoff *,8/26/2002,10/21/2002,CROWNTUFT,Heflin,147
Closing *,8/22/2002,10/18/2002,"SCHOOL SPECIALTY, INC.",Lineville,58
Layoff *,8/7/2002,10/6/2002,TRILLIUM TUSCALOOSA,Tuscaloosa,133
Closing *,8/2/2002,9/30/2002,"ANSELL HEALTHCARE PRODUCTS, INC.",Troy,125
Closing *,7/31/2002,9/30/2002,FIRST CORRECTIONS CORPORATION,Clayton,87
Closing *,7/31/2002,10/4/2002,"LIZ CLAIRBORNE, INC.",Montgomery,341
Closing *,7/30/2002,11/19/2002,HUNTLEIGH USA CORPORATION,Huntsville,27
Closing *,7/1/2002,9/30/2002,"BELLSOUTH CALL CENTER, MONTGOMERY",Montgomery,85
Closing *,12/2/2002,2/1/2003,"DILLARD'S INC., MOBILE",Mobile,152
Closing *,10/3/2002,11/1/2002,"MUNDY MAINTENANCE AND SERVICES, LLC",Theodore,90
Closing *,5/7/2002,8/31/2002,DEGUSSA CORP./BASF,Theodore,94
Closing *,2/2/2002,4/22/2002,MOBILE PULLEY AND MACHINE WORKS,Mobile,134
Closing *,1/9/2002,12/20/2002,OCAL INC.,Mobile,221
Closing *,11/14/2001,1/15/2002,"THOMAS FOUNDRY (SVEDALA INDUSTRIES, INC.)",Birmingham,86
Layoff *,10/2/2001,12/1/2001,"BUTLER MANUFACTURING COMPANY, INC.",Birmingham,99
Closing *,8/13/2001,10/27/2001,CLASSROOM DIRECT,Birmingham,71
Closing *,7/26/2001,9/25/2001,SECURITYLINK,Birmingham,91
Closing *,7/3/2001,8/31/2001,CINGULAR WIRELESS,Birmingham,208
Layoff *,7/2/2001,9/17/2001,"COOK PUBLICATIONS, INC.",Birmingham,56
Closing *,5/7/2001,7/1/2001,SIRCO SYSTEMS,Birmingham,46
Closing *,3/26/2001,5/18/2001,"MEDIA SERVICES, INC.",Birmingham,224
Closing *,2/28/2001,4/28/2001,PLIANT CORPORATION,Birmingham,94
Layoff *,2/26/2001,4/16/2001,MICHEL COMPANY,Birmingham,1
Layoff *,2/27/2001,4/20/2001,"SONICS ASSOCIATES, INC.",Birmingham,75
Closing *,2/23/2001,2/23/2001,CONNECTSOUTH,Birmingham,9
Closing *,12/28/2001,3/1/2002,GOODRICH AEROSTRUCTURES GROUP,Foley,350
Closing *,12/14/2001,2/12/2002,CAM,Chatom,91
Closing *,12/5/2001,2/4/2002,NOKIA BROADBAND ACCESS,Huntsville,71
Closing *,10/31/2001,3/8/2002,AMERICOLD COMPRESSORS,Cullman,476
Closing *,11/27/2001,1/3/2002,BE&K CONSTRUCTION COMPANY,Decatur,110
Closing *,11/19/2001,1/21/2002,"THE HUDSON COMPANIES, INC.",Troy,150
Closing *,11/14/2001,11/26/2001,RUSSELL CORPORATION,Alexander City,275
Closing *,11/16/2001,1/14/2002,"VANITY FAIR INTIMATES, ATMORE",Atmore,509
Closing *,2/26/2001,4/15/2001,"WABASH ALLOYS, LLC",Russellville,60
Layoff *,2/16/2001,4/18/2002,TRIMS UNLIMITED,Greenville,64
Closing *,2/16/2001,4/16/2001,OPELIKA FOUNDRY COMPANY,Opelika,71
Closing *,2/12/2001,4/13/2001,"TRINITY INDUSTRIES, INC.",Montgomery,225
Closing *,1/13/2001,4/13/2001,GOLDEN ROD BROILERS,Greensboro,179
Closing *,2/12/2001,4/13/2001,INTERNATIONAL WIRE,Elkmont,33
Closing *,2/12/2001,4/13/2001,INTERNATIONAL WIRE,Ardmore,29
Layoff *,2/1/2001,2/5/2001,CONAGRA POULTRY COMPANY,Enterprise,100
Closing *,1/29/2001,3/27/2001,"A-1 MANUFACTURING CO., INC.",Brilliant,77
Closing *,1/23/2001,3/23/2001,"MI-TECH STEEL, INC.",Decatur,65
Closing *,1/18/2001,4/30/2001,THERMO KING,Montgomery,200
Closing *,1/22/2001,3/9/2001,"CULP, INC.",Wetumpka,122
Layoff *,1/18/2001,3/19/2001,PILLIOD FURNITURE INC.,Selma,165
Closing *,1/17/2001,3/17/2001,PACIFICORP SYN FUEL LLC,Quinton,64
Closing *,11/14/2001,1/13/2002,"VF JEANSWEAR, RED BAY",Red Bay,273
Closing *,11/14/2001,1/13/2002,"VF JEANSWEAR, RUSSELLVILLE",Russellville,574
Closing *,11/14/2001,1/13/2002,"VF JEANSWEAR, ONEONTA",Oneonta,681
Closing *,11/14/2001,1/13/2002,"VF JEASWEAR, FLORENCE",Florence,434
Closing *,11/14/2001,1/13/2002,"VF JEANSWEAR, HANCEVILLE",Hanceville,217
Layoff *,11/7/2001,1/6/2002,THE PHILLIPS-VAN HEUSEN CORP.,Ozark,102
Closing *,11/6/2001,1/1/2002,AMERICAN FINE WIRE,Selma,53
Layoff *,11/2/2001,1/1/2002,BOWATER-COOSA PINES OPERATIONS,Coosa Pines,314
Layoff *,10/29/2001,12/28/2001,ACORDIS INDUSTRIAL FIBERS,Scottsboro,263
Closing *,10/24/2001,12/23/2001,"INTERMET-ALEX CITY CASTING COMPANY, INC.",Alexander City,117
Closing *,10/2/2001,11/30/2001,"PROMOWERKS, INC.",Phenix City,15
Closing *,10/4/2001,11/15/2001,"DANA CORPORATION, RIDE & CONTROL SYSTEMS",Anniston,24
Layoff *,10/1/2001,10/26/2001,RUSSELL CORP. (TEXTILE/ATHLETIC'S OPERATIONS),Alexander City,150
Closing *,8/20/2001,10/19/2001,ARVINMERITOR INC.,Fayette,371
Closing *,8/9/2001,4/14/2001,"TNS MILLS, INC.",Eufaula,132
Closing *,8/6/2001,7/6/2001,SCOTTSBORO ALUMINUM,Scottsboro,450
Closing *,8/3/2001,8/10/2001,"HY-TOP SPORTSWEAR, INC.",Geraldine,70
Layoff *,8/2/2001,9/30/2001,"NEW TECHNOLOGY, INC.",Huntsville,114
Layoff *,7/19/2001,9/15/2001,HILTON CORPORATE CASUALS,Thomasville,131
Layoff *,7/16/2001,9/14/2001,TEE JAYS,Florence,660
Closing *,7/6/2001,6/18/2001,"A.J. GERRARD COMPANY, INC.",Florence,95
Closing *,7/9/2001,9/7/2001,HEALTHTEX,Centreville,296
Closing *,6/29/2001,7/9/2001,PILLOWTEX CORPORATION,Phenix City,56
Closing *,6/29/2001,7/31/2001,AMERICAN NONWOVEN CORPORATION,Talladega,40
Closing *,6/26/2001,6/26/2001,EVENFLO,Jasper,88
Closing *,6/8/2001,6/30/2001,RUSSELL CORPORATION-HI-TECH SEWING PLANT,Alexander City,169
Closing *,6/8/2001,7/15/2001,RUSSELL CORPORATION-COOSA RING SPINNING PLANT,Alexander City,145
Closing *,6/8/2001,6/30/2001,RUSSELL CORPORATION-JERZEES SEWING PLANT,Lafayette,220
Closing *,6/8/2001,6/30/2001,RUSSELL CORPORATION-TEXTILE PLANT,Sylacauga,265
Closing *,5/24/2001,6/8/2001,LOUISIANA PACIFIC CORPORATION,Evergreen,67
Layoff *,5/29/2001,7/23/2001,"SILICON GRAPHICS, INC. (SGI)",Huntsville,38
Closing *,5/24/2001,7/20/2001,HEILIG-MEYERS FURNITURE,Russellville,76
Closing *,5/10/2001,7/1/2001,GREIF BROTHERS CORPORATION,Cullman,67
Closing *,5/3/2001,5/2/2001,M. FINE & SON,Killen,35
Closing *,4/20/2001,8/31/2001,INTERNATIONAL WIRE,Elkmont,63
Closing *,3/27/2001,3/22/2001,"TRICO STEEL COMPANY, LLC",Decatur,260
Layoff *,3/26/2001,6/15/2001,GULF STATES PAPER CORPORATION,Maplesville,231
Closing *,3/26/2001,3/16/2001,"DEFENDER SERVICES, INC. (FAYETTE MFG CO)",Fayette,168
Layoff *,3/14/2001,10/9/2001,"ABC-NACO, INC.",Calera,300
Closing *,3/14/2001,5/9/2001,GOLDEN RULE PRINTING,Huntsville,60
Closing *,3/15/2001,3/30/2001,"UNION YARN MILLS, INC.",Jacksonville,200
Closing *,3/5/2001,3/26/2001,DOUBLE SPRINGS CORPORATION,Double Springs,93
Closing *,3/1/2001,4/30/2001,"SCI SYSTEMS, INC.",Arab,337
Layoff *,5/29/2001,6/15/2001,INTERNATIONAL PAPER-MOBILE PACKAGING FACILITY,Mobile,137
Closing *,5/7/2001,5/15/2001,SAPPI LTD.,Mobile,500
Closing *,4/16/2001,4/11/2001,"ACTEL COMMUNICATIONS, INC.",Mobile,175
Closing *,4/3/2001,6/4/2001,"ACORDIS CELLULOSIC FIBERS, INC.",Axis,324
Closing *,7/11/2001,9/15/2001,CINGULAR WIRELESS,Mobile,89
Closing *,12/18/2000,12/18/2000,FAIRPOINT COMMUNICATIONS SOLUTIONS CORP.,Birmingham,60
Closing *,8/3/2000,10/5/2000,KMART CORPORATION,Bessemer,104
Closing *,8/2/2000,10/1/2000,"GUZZLER MANUFACTURING, INC.",Birmingham,115
Closing *,7/5/2000,9/1/2000,UNIPRISE,Birmingham,154
Layoff *,5/12/2000,7/17/2000,GRIFFIN WHEEL COMPANY,Bessemer,117
Closing *,4/27/2000,5/19/2000,COMDATA,Birmingham,120
Closing *,3/27/2000,5/15/2000,DANKA OFFICE IMAGING COMPANY,Birmingham,52
Closing *,3/13/2000,6/7/2000,KMART CORPORATION,Birmingham,89
Closing *,2/28/2000,3/25/2000,U.S. AIRWAYS,Birmingham,39
Closing *,2/28/2000,10/15/1999,TENET PHYSICIAN SERVICES,Birmingham,76
Closing *,12/4/2000,2/5/2001,PACKARD-HUGHES INTERCONNECT,Robertsdale,475
Closing *,11/30/2000,12/1/2000,DORSEY TRAILERS,Elba,650
Closing *,12/5/2000,11/29/2000,LOUISIANA- PACIFIC CORPORATION,Clayton,225
Closing *,11/27/2000,12/15/2000,AMETEK PRESTOLITE MOTORS USA,Decatur,250
Layoff *,11/22/2000,1/20/2001,"JOHNSTON INDUSTRIES, INC.",Phenix City,175
Closing *,11/9/2000,11/9/2000,"ALICEVILLE COTTON MILL, INC.",Aliceville,170
Layoff *,11/7/2000,1/6/2001,TALLADEGA COLLEGE,Talladega,51
Closing *,10/30/2000,12/31/2000,"LIBERTY TROUSER, INC",Boaz,85
Closing *,10/20/2000,12/22/2000,"WAVERLEE HOMES, INC.",Tuscumbia,140
Layoff *,10/23/2000,12/31/2000,"INTERNATIONAL PAPER, INC.",Courtland,400
Layoff *,10/17/2000,12/14/2000,CMI INDUSTRIES INC.,Geneva,420
Closing *,10/11/2000,12/2/2000,BEAULIEU-COLUMBUS MILLS,Phenix City,122
Closing *,10/10/2000,10/9/2000,RUSSELL YARNS,Alexander City,90
Closing *,10/17/2000,12/3/2000,"CRAFTWOOD DESIGN, INC.",Haleyville,80
Closing *,10/5/2000,10/6/2000,"WINFIELD COTTON MILL, INC.",Winfield,215
Layoff *,9/18/2000,10/13/2000,CITATION MARION,Marion,110
Layoff *,8/23/2000,10/31/2000,DANA CORPORATION-SPICER TRAILER PRODUCTS DIV.,Montgomery,60
Layoff *,8/16/2000,10/15/2000,"ANSELL HEALTHCARE PRODUCTS, INC.",Dothan,128
Closing *,8/7/2000,10/5/2000,"KMART CORPORATION, BREWTON",Brewton,85
Closing *,8/7/2000,8/8/2000,"GULF STATES STEEL, INC.",Gadsden,1690
Closing *,7/26/2000,9/5/2000,"RUST CONSTRUCTORS, INC.",Decatur,65
Closing *,7/18/2000,9/30/2000,MCQUAY INTERNATIONAL,Scottsboro,336
Closing *,5/10/2000,9/25/2000,ARROW SHIRT,Albertville,295
Closing *,6/28/2000,9/8/2000,"HAGER HINGE, INC.",Oxford,75
Closing *,6/1/2000,7/31/2000,"BUCCANEER HOMES, INC.",Winfield,96
Closing *,5/18/2000,5/18/2000,REDMAN HOMES,Eastaboga,226
Layoff *,5/10/2000,2/10/2000,FONTAINE TRAILER COMPANY,Haleyville,81
Closing *,5/2/2000,4/30/2000,"NC INDUSTRIES, INC.",Arley,134
Closing *,5/1/2000,6/30/2000,BEAULIEU OF AMERICA,Union Springs,91
Closing *,5/1/2000,6/30/2000,"LAIDLAW TRANSIT, INC.",Tuscaloosa,57
Closing *,4/12/2000,4/12/2000,SHOREWOOD PACKAGING CORPORATION,Andalusia,93
Closing *,4/12/2000,6/30/2000,BOSS MANUFACTURING COMPANY,Greenville,91
Closing *,3/31/2000,5/31/2000,"AMOTEX, INC.",Centre,55
Closing *,3/16/2000,3/15/2000,AMERICAN HOMESTAR CORPORATION,Brilliant,193
Closing *,3/23/2000,4/3/2000,TELEDYNE TUNGSTEN PRODUCTS,Huntsville,77
Closing *,3/10/2000,5/15/2000,VANITY FAIR INTIMATES,Jackson,543
Closing *,3/6/2000,3/17/2000,"RUSSELL CORPORATION, ASHLAND",Ashland,210
Closing *,3/6/2000,5/8/2000,BERRYDIRECT,Birmingham,85
Closing *,3/6/2000,4/28/2000,COATS NORTH AMERICA,Anniston,214
Layoff *,2/22/2000,4/21/2000,KLEINERT'S INC. OF ALABAMA,Elba,100
Closing *,2/4/2000,3/3/2000,"RUSSELL CORPORATION, GENEVA",Geneva,207
Closing *,2/4/2000,4/3/2000,"GLENN ENTERPRISES, INC.",Sulligent,163
Closing *,1/10/2000,3/6/2000,"CENTURY CARTONS, INC.",Livingston,80
Closing *,12/14/2000,2/12/2001,"SOUTHERN ENERGY RESOURCES, INC.",Mobile,66
Closing *,10/30/2000,12/31/2000,SPECIALTY MINERALS,Chickasaw,5
Closing *,10/18/2000,12/31/2000,INTERNATIONAL PAPER COMPANY,Mobile,790
Closing *,6/1/2000,9/30/2000,"BARBER DAIRIES, INC.",Mobile,70
Closing *,2/11/2000,5/10/2000,"RUBY TUESDAY, INC.",Mobile,160
Closing *,1/28/2000,1/28/2000,CHARTER HOSPITAL OF MOBILE,Mobile,112
Closing *,10/12/1999,10/22/1999,JUST FOR FEET,Birmingham,594
Layoff *,9/27/1999,11/23/1999,DRUMMOND COMPANY-SHOAL CREEK,Adger,350
Closing *,9/9/1999,9/9/1999,HOME QUARTERS,Birmingham,84
Closing *,9/9/1999,9/9/1999,HOME QUARTERS,Hoover,68
Layoff *,8/3/1999,9/28/1999,MEDPARTNERS,Birmingham,200
Closing *,6/14/1999,7/1/1999,INTER-NATIONAL CHILDRENSWEAR,Birmingham,50
Layoff *,8/20/1999,11/1/1999,"SONY MAGNETIC PRODUCTS, INC.",Dothan,250
Closing *,8/10/1999,10/1/1999,COMMUNICATIONS TECHNOLOGY CORPORATION,Madison,65
Closing *,8/2/1999,10/1/1999,"CLUETT, PEABODY & CO., INC.",Enterprise,273
Closing *,7/23/1999,9/30/1999,"NORTHROP GRUMMAN TECHNICAL SERVICES, INC.",Redstone Arsenal,396
Closing *,7/1/1999,8/30/1999,"TREAT ENTERTAINMENT, INC.",Florence,76
Closing *,5/26/1999,9/1/1999,"LONDON INTERNATIONAL GROUP, LLC",Dothan,500
Closing *,6/16/1999,8/16/1999,SHAPE GLOBAL TECHNOLOGY INC.,Dadeville,113
Layoff *,6/4/1999,7/1/1999,SCHNEIDER NATIONAL CARRIERS,Evergreen,91
Closing *,6/4/1999,7/1/1999,"INTER-NATIONAL CHILDRENSWEAR, LLC",Snead,50
Closing *,6/4/1999,6/8/1999,"PRAEGITZER INDUSTRIES, INC.",Madison,195
Closing *,5/28/1999,7/25/1999,FLORENCE HOSPITAL,Florence,205
Layoff *,5/27/1999,5/28/1999,"S & C BEEF PROCESSORS, L.L.C.",Montgomery,650
Layoff *,5/17/1999,7/31/1999,"WEX TEX INDUSTRIES, INC.",Ashford,90
Closing *,5/3/1999,6/30/1999,RUSSELL CORPORATION-GREENVILLE,Greenville,252
Closing *,4/3/1999,6/30/1999,BAPTIST MEDICAL CENTER-DOWNTOWN,Montgomery,12
Closing *,4/22/1999,7/1/1999,ALL LOCK COMPANY INC.,Selma,315
Closing *,12/12/1999,2/10/1999,MARTIN INDUSTRIES,Huntsville,121
Closing *,11/29/1999,11/29/1999,CINTAS CORPORATION,Stevenson,91
Closing *,11/22/1999,1/26/2000,KMART CORPORATION,Bay Minette,33
Closing *,11/1/1999,11/24/1999,"RUSSELL CORP., COLUMBIA",Columbia,235
Closing *,9/29/1999,11/23/1999,DRUMMOND COMPANY-CEDRUM MINE,Townley,165
Closing *,9/9/1999,9/10/1999,RUSSELL CORP. WETUMPKA AUTO SEW,Wetumpka,117
Layoff *,9/9/1999,9/10/1999,RUSSELL CORP. BRUNDIDGE,Brundidge,297
Closing *,9/9/1999,9/9/1999,HOME QUARTERS,Montgomery,79
Closing *,9/9/1999,9/9/1999,BUILDERS SQUARE,Huntsville,68
Closing *,3/31/1999,6/30/1999,"JOHNSON CONTROLS, INC.",Fort McClellan,112
Closing *,3/22/1999,5/21/1999,REFORM MANUFACTURING COMPANY,Reform,269
Closing *,3/16/1999,6/1/1999,"MEDLINE INDUSTRIES, INC.",Pell City,75
Closing *,3/9/1999,5/7/1999,SALANT CORPORATION,Andalusia,188
Closing *,3/18/1999,5/7/1999,"TRAIL KING INDUSTRIES, INC.",Green Pond,54
Closing *,3/16/1999,4/30/1999,"ONEITA INDUSTRIES, INC.",Cullman,311
Closing *,3/16/1999,3/19/1999,"ONEITA INDUSTRIES, INC.",Fayette,355
Layoff *,3/3/1999,5/3/1999,NIEMAND INDUSTRIES,Marion,81
Layoff *,3/2/1999,4/30/1999,"DILLARD'S, INC.",Montgomery,47
Layoff *,2/4/1999,2/11/1999,FRISCO MANUFACTURING COMPANY,Frisco City,67
Closing *,2/1/1999,4/14/1999,KMART,Selma,71
Closing *,1/22/1999,2/15/1999,RUSSELL CORP.-WETUMPKA,Wetumpka,90
Closing *,1/25/1999,4/30/1999,COLUMBUS MILLS,Phenix City,175
Closing *,1/22/1999,3/21/1999,MONTGOMERY WARD & CO.,Dothan,59
Closing *,1/5/1999,3/12/1999,"BARBER DAIRIES, INC.",Montgomery,76
Closing *,11/1/1999,12/30/1999,"DILLARD'S, INC., DISTRIBUTION CENTER",Mobile,137
Layoff *,8/30/1999,10/1/1999,"INTERNATIONAL PAPER CO., BAG PLANT",Mobile,151
Layoff *,4/7/1999,7/17/1999,KIMBERLY-CLARK,Mobile,500
Closing *,1/28/1999,3/31/1999,TENCEL-ACORDIS FIBERS,Axis,96
Closing *,1/22/1999,3/21/1999,MONTGOMERY WARD & CO.,Mobile,81
Closing *,10/5/1998,12/1/1998,DRUMMOND COMPANY,Graysville,88
Closing *,12/9/1998,2/5/1999,PILLOWTEX CORPORATION,Opelika,473
Closing *,11/19/1998,11/22/1998,"RUST CONSTRUCTORS, INC.",Decatur,282
Closing *,11/10/1998,8/31/1998,"AMERICAN APPAREL, INC.",Brantley,91
Closing *,10/30/1998,10/28/1998,"IMAGEWARE TECHNOLOGIES, L.L.C.",Opelika,116
Closing *,11/3/1998,12/31/1998,AUBURN SPORTSWEAR,Tallassee,82
Closing *,11/2/1998,3/31/1999,REYNOLDS METALS COMPANY,Muscle Shoals,1600
Closing *,10/30/1998,12/31/1998,DOTHAN INDUSTRIES,Dothan,89
Closing *,10/29/1998,12/20/1998,WALLS INDUSTRIES-LIBERTY TROUSERS,Ashville,69
Layoff *,10/6/1998,10/30/1998,RUSSELL CORP.(SYLACAUGA),Sylacauga,300
Closing *,9/25/1998,10/9/1998,ARCON HEALTH CARE,Heflin,39
Closing *,9/25/1998,12/11/1998,LUVERNE SLACKS COMPANY,Luverne,156
Closing *,9/15/1998,12/14/1998,THE GATES RUBBER COMPANY,Dothan,100
Closing *,8/25/1998,11/10/1998,RHEEM MANUFACTURING COMPANY,Greenville,295
Closing *,8/20/1998,10/18/1998,EARTHGRAINS BAKING,Montgomery,104
Closing *,8/14/1998,10/13/1998,"GAYFERS, MONTGOMERY DISTRIBUTION CENTER",Montgomery,100
Closing *,8/13/1998,8/12/1998,RUSSELL CORPORATION-SLOCOMB,Slocomb,200
Closing *,7/28/1998,10/1/1998,"CHOCTAW MANUFACTURING COMPANY, INC.",Silas,120
Closing *,7/28/1998,7/10/1998,"BUILDERS TRANSPORT, INC.",Cuba,149
Layoff *,7/22/1998,10/1/1998,DYNCORP.,Fort Rucker,1855
Layoff *,7/14/1998,9/18/1998,LIBERTY TROUSERS-WALLS INC.,Anniston,78
Layoff *,12/8/1998,2/1/1998,INTERNATIONAL PAPER,Mobile,450
Closing *,8/14/1998,10/13/1998,"GAYFERS, SOUTH GROUP OFFICE",Mobile,250
